43-0276, 2.84, Fri Mar 06 00:00:00 EET 1998, yEpejp, IuxEqe, 
43-2300, 1.27, Sat Mar 22 00:00:00 EET 1997, vHViqT, ONQxXh, 
43-3542, 4.34, Mon Jan 13 00:00:00 EET 1997, opWXmZ, UZiknJ, 
43-4183, 1.12, Wed Oct 21 00:00:00 EET 1992, gjxsyw, LpEabF, 
43-6416, 1.12, Sat Dec 08 00:00:00 EET 1990, XMNSvM, SthmMq, 
43-6778, 3.5, Tue Aug 20 00:00:00 EEST 1991, EpTjWp, IhDgJj, 
43-7216, 4.82, Wed Dec 25 00:00:00 EET 1996, yEydPN, PKJNBS, 
43-8383, 2.5, Tue Aug 26 00:00:00 EEST 1997, RMDsaP, StiEYy, 
43-9510, 1.47, Thu Mar 13 00:00:00 EET 1997, EuGzmc, EAvfNa, 
44-0704, 1.69, Sat Apr 22 00:00:00 EET 1995, WutyhM, taUHWb, 
44-1562, 3.53, Tue Sep 02 00:00:00 EEST 1997, DTZJLJ, TmMBsT, 
44-2789, 1.48, Wed Oct 24 00:00:00 EET 1990, RohsEC, VneuJr, 
44-3890, 0.93, Sun Apr 19 00:00:00 EET 1992, bRsfCx, YSmoWI, 
44-4720, 3.28, Mon May 01 00:00:00 EEST 1995, VSpvET, UPZeiE, 
44-5435, 2.36, Tue May 09 00:00:00 EEST 1995, QgbxHk, LiOXBr, 
44-7502, 0.75, Tue Jun 01 00:00:00 EEST 1999, mDrGOG, MSpiej, 
44-9319, 4.46, Sat Jun 14 00:00:00 EEST 1997, uQfPVw, VEVHPs, 
45-2124, 4.59, Mon Jul 01 00:00:00 EEST 1991, IMRqSw, mHxkYe, 
45-3560, 1.29, Thu Jun 21 00:00:00 EEST 1990, FrGgBq, kSdyuU, 
45-6860, 1.54, Tue Nov 01 00:00:00 EET 1994, YKmjFL, gtIyQy, 
45-7538, 4.69, Wed Sep 23 00:00:00 EEST 1998, XcjtNq, SCREeW, 
45-9915, 2.22, Mon Oct 27 00:00:00 EET 1997, CuNZgz, XIMTyz, 
46-2834, 3.66, Mon Jan 03 00:00:00 EET 2000, ldliqR, NjFskt, 
46-4907, 4.52, Tue Feb 15 00:00:00 EET 1994, nuvWHs, CsfZRT, 
46-5902, 3.59, Thu May 13 00:00:00 EEST 1999, dkZmPe, xeVHUW, 
46-7036, 3.5, Fri Feb 26 00:00:00 EET 1993, RaaRTO, YWcNlh, 
46-7593, 3.0, Sun Oct 29 00:00:00 EET 1995, fJxnts, TTQQqy, 
46-8688, 2.29, Fri May 31 00:00:00 EEST 1996, BoHvgL, AzDuBB, 
46-8767, 4.93, Sat May 25 00:00:00 EEST 1996, TfJqtv, ZHwwIg, 
46-8847, 1.54, Sun Apr 30 00:00:00 EEST 2000, NNspFh, HRbcDw, 
46-9818, 1.27, Thu Jan 25 00:00:00 EET 1996, uEqUCl, oLpbCM, 
47-1336, 2.65, Mon Apr 15 00:00:00 EET 1996, uhhfuJ, lNTlYe, 
47-2285, 3.42, Sat Feb 12 00:00:00 EET 2000, Fiepto, ffcOqV, 
47-5571, 3.5, Fri May 23 00:00:00 EEST 1997, NlVfiP, rSuBOV, 
47-6231, 4.84, Mon Sep 12 00:00:00 EEST 1994, eCsHSu, EpRZhO, 
47-7028, 4.03, Fri Sep 01 00:00:00 EEST 1995, KhPNfr, uJujhl, 
47-7573, 4.05, Sun Mar 09 00:00:00 EET 1997, kqQULY, PzywFb, 
47-9392, 4.66, Sat Dec 05 00:00:00 EET 1998, LwhuVI, lHAczd, 
48-0835, 3.2, Fri Apr 22 00:00:00 EET 1994, GGHHLJ, OgEoro, 
48-1552, 4.71, Sat Apr 24 00:00:00 EET 1993, OgwfLX, eOaRAN, 
48-2600, 4.66, Thu Apr 22 00:00:00 EET 1999, HKJHhn, ZgStWl, 
48-3826, 1.76, Tue Jul 04 00:00:00 EEST 2000, OqPghi, ruBOHp, 
48-5921, 2.2, Tue Apr 07 00:00:00 EET 1998, OBlTju, FWVyqT, 
48-6465, 1.38, Sat May 29 00:00:00 EEST 1993, tdvima, ibqWqq, 
48-6740, 3.28, Sun Feb 26 00:00:00 EET 1995, Zwlqid, lAUaJv, 
48-7483, 4.34, Mon Aug 10 00:00:00 EEST 1998, RAymrZ, kmXmKB, 
48-7504, 3.9, Mon May 31 00:00:00 EEST 1999, iSFKCQ, vlaMaH, 
48-8669, 1.77, Sun Dec 08 00:00:00 EET 1991, QeUGbL, lwCZxX, 
48-9185, 1.1, Sat Nov 26 00:00:00 EET 1994, hPNZIw, AHSidd, 
49-1589, 3.2, Thu Jan 04 00:00:00 EET 1996, dEXtbx, CwTczq, 
49-3771, 3.14, Mon May 01 00:00:00 EEST 2000, AameyS, lypnbD, 
49-4944, 1.63, Sun Jan 03 00:00:00 EET 1993, fnPCYd, bIcCjB, 
49-5137, 3.79, Sat Jan 03 00:00:00 EET 1998, hCmJIw, bMfChN, 
49-7369, 1.12, Thu Mar 06 00:00:00 EET 1997, ZsxtJe, KdHaoX, 
49-7534, 4.45, Sun Aug 11 00:00:00 EEST 1996, VYZgpV, OtoYms, 
49-8463, 3.9, Sat Dec 23 00:00:00 EET 2000, xAnoby, UcMxeQ, 
49-8888, 2.98, Sun Oct 18 00:00:00 EET 1998, RFNHii, JjRooq, 
49-9626, 4.98, Tue Feb 16 00:00:00 EET 1999, aTRRzU, YUyQdZ, 
50-1142, 4.66, Sat Nov 13 00:00:00 EET 1993, ywosVl, Dvhhgh, 
50-2494, 2.78, Mon Dec 24 00:00:00 EET 1990, vuxSRx, WKTtCe, 
50-2641, 3.87, Mon Mar 06 00:00:00 EET 1995, FpHiEs, vwWkmt, 
50-3612, 1.05, Tue Jul 06 00:00:00 EEST 1993, hYgBcU, MwBWga, 
50-5340, 0.98, Tue Jun 09 00:00:00 EEST 1992, KldkHH, wFaAPv, 
50-5856, 2.71, Sun Oct 21 00:00:00 EET 1990, mpoorQ, ppltxr, 
50-6382, 3.45, Mon May 26 00:00:00 EEST 1997, MEabMC, vmELIt, 
50-6411, 1.91, Thu Sep 14 00:00:00 EEST 2000, zVFpdR, PYODii, 
50-7077, 1.04, Mon Oct 15 00:00:00 EET 1990, IXmgbW, THdJCY, 
50-7289, 3.33, Sat Mar 15 00:00:00 EET 1997, zftHMG, wbbwkh, 
50-7388, 4.54, Thu Jul 28 00:00:00 EEST 1994, BlhkBD, DSNCPU, 
50-7952, 3.12, Fri Feb 20 00:00:00 EET 1998, ZiDDlx, SLOOaW, 
51-0008, 4.78, Sun Jun 04 00:00:00 EEST 1995, gtLaap, tqypHp, 
51-1890, 3.37, Tue Dec 31 00:00:00 EET 1991, jLOgrC, lqiDQU, 
51-1954, 1.46, Mon Feb 08 00:00:00 EET 1999, odiDed, HXsjNi, 
51-2093, 2.23, Sat Aug 03 00:00:00 EEST 1996, NklPsk, BjkCEy, 
51-2352, 3.35, Sat Feb 19 00:00:00 EET 1994, sxLqwL, ORZmHu, 
51-5542, 2.83, Thu Nov 15 00:00:00 EET 1990, mTbOKb, alwomu, 
51-7895, 1.9, Fri Mar 02 00:00:00 EET 1990, zrebZr, QkjMSb, 
52-0510, 1.89, Sat Nov 29 00:00:00 EET 1997, vAeefT, OfEjWB, 
52-0791, 4.1, Tue Mar 04 00:00:00 EET 1997, yoJfJP, NtxCwF, 
52-2476, 3.63, Mon Jan 31 00:00:00 EET 2000, YQigxr, mIBWZv, 
52-3564, 4.15, Sat Aug 03 00:00:00 EEST 1991, aertnN, bpSTsO, 
52-4152, 4.4, Tue Aug 22 00:00:00 EEST 1995, PilZNK, xtvvLh, 
52-5035, 3.64, Tue Dec 18 00:00:00 EET 1990, XwAjom, jWowkk, 
52-6506, 3.43, Tue Apr 21 00:00:00 EET 1998, PQQpTy, WEsZbU, 
52-8045, 4.69, Tue Mar 07 00:00:00 EET 1995, smwCii, UnfQaL, 
52-8200, 4.05, Sat Nov 06 00:00:00 EET 1993, WcQPSs, pXiNoO, 
52-8951, 4.8, Sat Nov 11 00:00:00 EET 2000, nUKyBo, kzGYAX, 
53-0662, 4.97, Sat Jan 30 00:00:00 EET 1999, ENggNR, ZmNsqc, 
53-3302, 1.04, Sun Aug 04 00:00:00 EEST 1991, jOixDz, rGGHUt, 
53-4099, 1.84, Tue Jun 07 00:00:00 EEST 1994, owrVTK, SIzTFD, 
53-4719, 5.0, Mon Feb 07 00:00:00 EET 2000, dzARQV, XxgdtE, 
53-5061, 2.83, Tue Jan 29 00:00:00 EET 1991, qFxXKE, ndwRdt, 
53-7099, 4.77, Fri Jul 26 00:00:00 EEST 1996, oteGkK, mIDXIL, 
53-7985, 1.18, Tue Feb 18 00:00:00 EET 1997, MMIEhY, IurBYn, 
54-1840, 1.5, Tue Sep 14 00:00:00 EEST 1993, iuNmWx, LwIiNx, 
54-6017, 3.12, Thu Aug 12 00:00:00 EEST 1993, dJVBMC, ddpqhM, 
54-8143, 2.4, Thu Jul 01 00:00:00 EEST 1999, zNEelT, BSqAJQ, 
54-9948, 4.69, Tue Sep 19 00:00:00 EEST 2000, MgkrLI, VAzZuW, 
55-0480, 2.4, Sat May 23 00:00:00 EEST 1998, cJTytL, XpoOVr, 
55-1252, 3.66, Tue Jun 25 00:00:00 EEST 1996, AHZJNL, bVivel, 
55-1646, 4.31, Mon Jan 26 00:00:00 EET 1998, nnxXbo, Soetfi, 
55-2235, 4.62, Tue Sep 26 00:00:00 EEST 1995, wjQdOn, piQJLG, 
55-4541, 0.73, Mon Dec 11 00:00:00 EET 1995, ndLonV, BEzHFJ, 
55-4856, 3.17, Tue Jan 21 00:00:00 EET 1997, TfSPgQ, lSAwVM, 
55-7504, 0.84, Thu Aug 03 00:00:00 EEST 1995, ancate, tJwnxw, 
55-8084, 4.43, Thu Dec 01 00:00:00 EET 1994, yyjzDb, XoBoZY, 
55-8304, 1.02, Thu Jun 28 00:00:00 EEST 1990, ibrkDG, GfFABD, 
55-8480, 2.93, Wed May 11 00:00:00 EEST 1994, txvWQL, uqVRzf, 
55-8560, 1.27, Wed Jan 26 00:00:00 EET 2000, aqxLlv, MczjnD, 
55-8635, 1.1, Wed Jan 01 00:00:00 EET 1997, YgiMCF, mvlomy, 
56-2242, 0.85, Tue Sep 24 00:00:00 EEST 1991, TdWjCF, XlCQxu, 
56-5461, 0.94, Mon Oct 01 00:00:00 EEST 1990, JbmFpp, AhtEXr, 
56-6464, 2.22, Sat Nov 21 00:00:00 EET 1992, LZdpbg, yaTrai, 
56-7179, 4.17, Sun Nov 12 00:00:00 EET 2000, rmzyNk, uZigIh, 
56-9579, 4.96, Thu May 16 00:00:00 EEST 1996, hbzbfx, hZDkEY, 
57-0307, 2.35, Thu Apr 23 00:00:00 EET 1998, WqirYq, vVbBDJ, 
57-0965, 3.5, Sat Feb 03 00:00:00 EET 1990, kpuALe, wTnRcO, 
57-0984, 3.95, Sun Feb 16 00:00:00 EET 1992, KJTKpV, jyqKwz, 
57-1135, 1.59, Sat Sep 11 00:00:00 EEST 1993, LhQSpy, PmDXqL, 
57-1585, 1.0, Mon Oct 09 00:00:00 EET 2000, traqew, wjbTaC, 
57-1606, 3.61, Tue May 25 00:00:00 EEST 1993, uHBRWC, nJSCcU, 
57-2134, 1.22, Wed Jul 06 00:00:00 EEST 1994, FVgEfM, PiXyvC, 
57-2703, 1.02, Wed Dec 27 00:00:00 EET 1995, NQjnhE, aSpQBb, 
57-3728, 4.12, Thu May 07 00:00:00 EEST 1998, qFZUkP, zbtwDl, 
57-4382, 1.97, Mon Jul 12 00:00:00 EEST 1993, EGfAet, gcMcOT, 
57-5592, 3.0, Sun Dec 22 00:00:00 EET 1991, dZBaKJ, FrrzCN, 
57-6129, 0.93, Wed Apr 13 00:00:00 EET 1994, ywaMvF, LTltpB, 
57-6286, 2.57, Mon Jul 18 00:00:00 EEST 1994, lcJjcF, JfshQJ, 
57-6800, 1.74, Sun Nov 15 00:00:00 EET 1992, iTQFqm, rgmOca, 
57-6948, 1.87, Sun Oct 08 00:00:00 EET 1995, YDxeDR, NKKXmb, 
57-9752, 4.79, Fri Jul 10 00:00:00 EEST 1998, pQnPgG, zsYYbj, 
58-1244, 4.07, Wed Apr 30 00:00:00 EEST 1997, PlYplJ, psOmkS, 
58-2257, 0.9, Tue Sep 06 00:00:00 EEST 1994, XVtmpn, RuqJkm, 
58-3149, 2.59, Mon Nov 26 00:00:00 EET 1990, QXrMmg, pfEzON, 
58-6083, 2.2, Wed Sep 21 00:00:00 EEST 1994, IRpugu, ToRepT, 
58-6653, 2.14, Fri Feb 01 00:00:00 EET 1991, eMmDZA, hEBULY, 
58-6777, 1.91, Wed Jan 06 00:00:00 EET 1999, jCfvsY, rifWpk, 
58-7382, 4.38, Thu May 25 00:00:00 EEST 2000, NEFybQ, UFoMKN, 
58-9040, 3.96, Wed Mar 16 00:00:00 EET 1994, uggIBG, dQjgCt, 
58-9209, 1.57, Thu Dec 08 00:00:00 EET 1994, XsrmYH, QgzQBw, 
59-0773, 1.2, Thu Sep 06 00:00:00 EEST 1990, rriqwu, OfNkzb, 
59-1159, 2.11, Sat Nov 18 00:00:00 EET 1995, CYaqBH, QoBCQX, 
59-1317, 2.08, Tue Jul 27 00:00:00 EEST 1993, ABLQBd, PTMcBI, 
59-1506, 0.84, Wed Mar 15 00:00:00 EET 1995, sSAbYy, wPcOXK, 
59-2947, 2.86, Wed Aug 04 00:00:00 EEST 1999, oItUNL, IVYyzK, 
59-2981, 4.89, Thu May 14 00:00:00 EEST 1998, qErFBy, wuXJWg, 
59-3357, 2.29, Sat Feb 20 00:00:00 EET 1993, JyrfdR, vioJoi, 
59-4827, 4.51, Thu Aug 04 00:00:00 EEST 1994, hHErvl, TGtLYf, 
59-8196, 0.85, Wed Jan 05 00:00:00 EET 1994, wYRCIH, ExpTgL, 
60-0346, 4.48, Sun Nov 11 00:00:00 EET 1990, KRTEED, SowTkk, 
60-0996, 4.39, Thu Dec 09 00:00:00 EET 1993, UIOGir, glpzLh, 
60-2766, 3.37, Tue Mar 19 00:00:00 EET 1996, xLCIkA, VtWSdr, 
60-4911, 3.88, Sat Jul 29 00:00:00 EEST 1995, EkIdoZ, YWqhDE, 
60-7386, 4.84, Fri Oct 07 00:00:00 EET 1994, vuBXem, XDKNny, 
60-7547, 3.38, Wed May 31 00:00:00 EEST 2000, cqDIIa, RgBUAz, 
60-7959, 4.19, Sun Jul 28 00:00:00 EEST 1996, MtxiSK, PgmsMP, 
61-2050, 1.75, Thu May 22 00:00:00 EEST 1997, SWFEJm, EbMynI, 
61-2681, 4.74, Sat Sep 13 00:00:00 EEST 1997, nvIdTH, fuaJse, 
61-4683, 3.98, Sat Jul 10 00:00:00 EEST 1999, yedocF, nBmbcc, 
61-5433, 4.07, Wed Mar 10 00:00:00 EET 1999, xBLgtj, akubGw, 
61-6247, 4.6, Mon Mar 14 00:00:00 EET 1994, MPuxlN, nhnonI, 
61-7605, 3.08, Mon May 10 00:00:00 EEST 1999, qjGMIX, QxtudN, 
62-0353, 1.52, Tue Mar 02 00:00:00 EET 1999, oxfxps, rUTiEQ, 
62-1442, 1.01, Mon Jun 24 00:00:00 EEST 1991, gpKQpX, uBguCM, 
62-2241, 4.7, Thu Oct 16 00:00:00 EET 1997, QTSdkj, NffUve, 
62-2304, 1.78, Fri Dec 24 00:00:00 EET 1999, rLBaHH, IzOEWd, 
62-2795, 4.01, Sat Mar 30 00:00:00 EET 1991, Rlmfwc, KihnmO, 
62-3453, 3.41, Thu Mar 21 00:00:00 EET 1991, GFZDul, DVVgpf, 
62-3962, 2.56, Sat Feb 19 00:00:00 EET 1994, SpaQqB, QBYBkb, 
62-4119, 1.03, Mon Oct 14 00:00:00 EET 1996, fiEUsL, SSsYKG, 
62-5189, 3.92, Mon Apr 20 00:00:00 EET 1998, SVFtzK, doVLup, 
62-5667, 4.34, Mon Mar 23 00:00:00 EET 1998, wtEmjJ, nmmIbi, 
62-5942, 2.56, Fri Oct 08 00:00:00 EET 1999, odVeVA, yxEDIP, 
62-7745, 3.91, Fri Nov 07 00:00:00 EET 1997, iUQBvA, TDxzTq, 
62-9702, 4.7, Sat Dec 28 00:00:00 EET 1996, lXeXgA, FrDpIU, 
63-0141, 1.79, Sat Jul 06 00:00:00 EEST 1996, AXpNZL, gBCnID, 
63-2047, 0.95, Thu Jan 06 00:00:00 EET 2000, zjwUOq, xsMTJr, 
63-3236, 4.59, Wed Feb 26 00:00:00 EET 1997, piUIHz, kfXQJd, 
63-3366, 4.5, Sat May 07 00:00:00 EEST 1994, ToBRxs, QGkTPh, 
63-3812, 2.24, Sun Apr 18 00:00:00 EET 1999, dBDXAi, ZcYrzU, 
63-3948, 4.85, Thu Jun 27 00:00:00 EEST 1991, RbEloK, KvPGKe, 
63-9346, 2.23, Sun Aug 09 00:00:00 EEST 1998, JNUlnD, MUcwAS, 
63-9878, 2.87, Tue Jul 07 00:00:00 EEST 1992, gQwTjH, CkIgYq, 
64-0569, 2.34, Wed May 20 00:00:00 EEST 1992, lPXkQU, InphYf, 
64-1166, 1.83, Sat Jul 29 00:00:00 EEST 1995, KWRqfi, SVqUkZ, 
64-1172, 3.37, Wed Apr 23 00:00:00 EET 1997, BDuaeU, Lmvdgt, 
64-2004, 0.78, Tue May 22 00:00:00 EEST 1990, GWQKHB, FbUJYo, 
64-2646, 2.05, Tue Feb 05 00:00:00 EET 1991, VSBuAn, aAnfiZ, 
64-6278, 2.26, Mon Jun 03 00:00:00 EEST 1996, RVXCxS, MxXgNv, 
64-6435, 3.44, Sat Feb 13 00:00:00 EET 1993, YiEUCz, DMidTX, 
64-7620, 4.36, Tue Jun 27 00:00:00 EEST 1995, NYLzcs, wQsVSa, 
65-2863, 2.84, Mon Mar 24 00:00:00 EET 1997, Jdhppr, ewzNky, 
65-4642, 3.55, Tue Aug 22 00:00:00 EEST 2000, CpOogG, PonkOC, 
65-4883, 0.74, Sat Mar 03 00:00:00 EET 1990, eqTgOk, ZmLgls, 
65-5053, 2.44, Fri Mar 22 00:00:00 EET 1996, Svztor, euPYax, 
65-5847, 1.49, Sun Jul 01 00:00:00 EEST 1990, mfMehO, rLlPqA, 
66-1194, 4.62, Mon Mar 06 00:00:00 EET 1995, ITqeqU, nDUwnL, 
66-1766, 2.7, Sun Feb 28 00:00:00 EET 1999, DVLYsf, VVpwIL, 
66-2872, 3.82, Thu Dec 12 00:00:00 EET 1996, eeoQDz, EEaYkw, 
66-3855, 3.74, Mon Jun 18 00:00:00 EEST 1990, tMQhxl, jIKwjg, 
66-3875, 3.78, Thu Aug 27 00:00:00 EEST 1998, Xtzysx, WXFGKs, 
66-3891, 3.41, Wed Nov 06 00:00:00 EET 1996, gMcEgO, UblxQq, 
66-4170, 4.62, Thu Dec 30 00:00:00 EET 1999, ECNkVi, LrVdUs, 
66-4285, 1.65, Wed Sep 11 00:00:00 EEST 1991, TDoqBK, uzplgy, 
66-5186, 4.18, Sat Aug 08 00:00:00 EEST 1992, ZkDeKY, tAwiSL, 
66-9756, 2.3, Fri Jun 24 00:00:00 EEST 1994, EaNkaW, oHdElp, 
67-0231, 1.68, Tue Apr 03 00:00:00 EET 1990, nqutBe, niivOf, 
67-2155, 4.96, Sun Oct 27 00:00:00 EET 1996, dCpSBW, BxwJVM, 
67-2647, 3.26, Mon Aug 19 00:00:00 EEST 1996, MYYEKZ, rzqyqG, 
67-4110, 1.47, Tue Jul 23 00:00:00 EEST 1996, EtCLlO, RMvfXH, 
67-5025, 1.71, Wed Jan 10 00:00:00 EET 1996, gTFAWy, OUxVcq, 
67-5507, 3.36, Wed Sep 25 00:00:00 EEST 1996, ayvXjE, uaVgDl, 
67-7632, 3.55, Sat Aug 07 00:00:00 EEST 1993, sREeqQ, OQoCLg, 
67-8534, 2.51, Mon Sep 18 00:00:00 EEST 1995, RKohqR, xnyfrW, 
68-2851, 3.72, Tue May 23 00:00:00 EEST 2000, XXnjxE, rGUlHe, 
68-6116, 3.33, Mon May 20 00:00:00 EEST 1996, QwgIIJ, sbTstc, 
68-7179, 3.99, Wed Jun 24 00:00:00 EEST 1992, BiDbMO, VEcVyJ, 
68-7683, 2.35, Wed May 16 00:00:00 EEST 1990, FKdvDf, ETOwTi, 
68-9353, 3.13, Fri Aug 03 00:00:00 EEST 1990, rPrBhG, ZrHbfh, 
69-2059, 1.82, Wed Oct 02 00:00:00 EET 1991, bRaZAu, TFXbkG, 
69-2159, 3.57, Wed Sep 01 00:00:00 EEST 1999, HtiPvm, GTtePQ, 
69-2870, 1.52, Fri Jun 26 00:00:00 EEST 1998, gRYYhu, pAnwfD, 
69-3904, 3.85, Sat Feb 18 00:00:00 EET 1995, fSbVsO, CpaRkl, 
69-4388, 1.06, Sat Feb 13 00:00:00 EET 1999, ldwMQM, fwjVvP, 
69-5929, 3.33, Tue Nov 26 00:00:00 EET 1991, wiwUsA, HrqYtJ, 
69-6918, 1.5, Thu Dec 12 00:00:00 EET 1996, Fshybu, XzSOkI, 
69-7003, 3.8, Tue Dec 01 00:00:00 EET 1992, UhdBfG, lJuqON, 
69-9390, 2.61, Thu Sep 28 00:00:00 EEST 2000, sZUtsR, QfkuFg, 
69-9693, 4.26, Sat Aug 05 00:00:00 EEST 2000, tidWik, NfbWMV, 
70-1200, 0.96, Thu Mar 21 00:00:00 EET 1996, TBEeMh, SqXENa, 
70-2234, 0.83, Sun Aug 10 00:00:00 EEST 1997, OtCPne, AEUGsN, 
70-3814, 2.74, Fri Apr 24 00:00:00 EET 1992, HHmIaM, qotMtt, 
70-4030, 2.04, Fri Dec 31 00:00:00 EET 1993, PMtbUJ, WHkWku, 
70-4276, 3.49, Wed May 20 00:00:00 EEST 1992, ahzfLJ, oFERTA, 
70-4693, 3.38, Thu May 06 00:00:00 EEST 1999, GJtLvW, wNEBqL, 
70-5000, 1.98, Tue Dec 26 00:00:00 EET 2000, ItwFuA, QdhcCX, 
70-6763, 2.01, Sat Apr 26 00:00:00 EEST 1997, vExEWh, pEoqAF, 
70-7905, 3.58, Fri Feb 06 00:00:00 EET 1998, cZZoDG, IrHxvj, 
70-9497, 1.48, Tue Oct 19 00:00:00 EET 1993, abkMWY, HidLaq, 
70-9914, 2.83, Thu Dec 23 00:00:00 EET 1993, stJQGZ, JPXHyE, 
71-0856, 3.2, Wed May 31 00:00:00 EEST 1995, zYFPYr, qLDSNs, 
71-0964, 2.45, Thu Mar 07 00:00:00 EET 1996, DSGvBY, rtfeXL, 
71-1093, 4.54, Thu Dec 09 00:00:00 EET 1993, xaWbJa, BVNFWn, 
71-2036, 1.94, Mon Sep 18 00:00:00 EEST 2000, XiImaU, xILjhv, 
71-3032, 2.89, Sat Aug 07 00:00:00 EEST 1993, QzodZH, FIkpjY, 
71-4060, 1.78, Mon Nov 30 00:00:00 EET 1998, bIKYMS, UjHUqd, 
71-4069, 3.06, Wed Aug 19 00:00:00 EEST 1998, MLInVG, WnWkaT, 
71-4320, 1.66, Mon Jun 05 00:00:00 EEST 1995, uiZUmM, sncFRy, 
71-5689, 0.91, Sun Mar 22 00:00:00 EET 1998, nbIRYd, nxOSAX, 
71-5855, 1.29, Thu Aug 08 00:00:00 EEST 1991, ybllhy, beYfmI, 
71-7408, 0.85, Mon Jan 06 00:00:00 EET 1992, CooscR, iqYQtX, 
72-0733, 1.31, Sat Nov 13 00:00:00 EET 1993, IeDHHf, oDgCtC, 
72-1492, 3.55, Sat Aug 13 00:00:00 EEST 1994, kcqEyx, mGEKbH, 
72-2125, 3.36, Sat Jan 22 00:00:00 EET 1994, KiASLE, tjmRug, 
72-2324, 2.02, Wed Aug 02 00:00:00 EEST 1995, IMzZOj, QosdAF, 
72-3685, 4.05, Mon Jun 12 00:00:00 EEST 1995, jZnvGj, Szxiju, 
72-4692, 2.89, Sat Oct 17 00:00:00 EET 1998, MmDUUM, vVJjjx, 
72-5378, 4.73, Sun Jul 05 00:00:00 EEST 1992, MCgbPt, fJQwyJ, 
72-6598, 2.72, Tue Jun 06 00:00:00 EEST 1995, xJQgMQ, RSeWeX, 
72-6681, 4.32, Sun Sep 27 00:00:00 EEST 1992, LZWsHu, woLHET, 
73-2001, 1.33, Mon Jun 29 00:00:00 EEST 1992, AzbgUy, IMVqKr, 
73-2395, 3.06, Sun Dec 14 00:00:00 EET 1997, GdGKKv, VCEucE, 
73-3301, 4.58, Fri Apr 28 01:00:00 EEST 1995, UZVynD, IqgMzi, 
73-3452, 1.23, Sun Nov 21 00:00:00 EET 1993, ovwMto, EPvqcb, 
73-3694, 4.89, Fri Jun 22 00:00:00 EEST 1990, OUojwy, fYGzth, 
73-5215, 2.39, Mon Aug 04 00:00:00 EEST 1997, KcpZbI, hsoPTp, 
73-5918, 1.41, Wed Feb 17 00:00:00 EET 1999, jdmOOR, TtUMOH, 
73-7474, 0.94, Wed Apr 06 00:00:00 EET 1994, UQFwId, hzbGup, 
74-0725, 3.04, Wed Jan 03 00:00:00 EET 1990, ORHHyP, MUPjKj, 
74-3211, 1.73, Mon Oct 14 00:00:00 EET 1996, ivpKUQ, XHVoic, 
74-3918, 2.94, Tue Feb 28 00:00:00 EET 1995, LGXBlc, BOTEgO, 
74-4839, 2.45, Sat Nov 25 00:00:00 EET 1995, YkVTMm, ektztG, 
74-9219, 2.62, Sun Dec 08 00:00:00 EET 1996, JdJzrS, bwuhCQ, 
74-9626, 4.87, Sun Oct 20 00:00:00 EET 1996, JlrXes, hZXaSN, 
75-1715, 1.27, Sun Nov 27 00:00:00 EET 1994, FoyUoT, iWLHDY, 
75-3631, 4.05, Thu Jan 06 00:00:00 EET 1994, SoGrqK, ZgVlnw, 
75-3686, 1.27, Mon Aug 24 00:00:00 EEST 1998, IWuPmd, uCrbRF, 
75-6286, 4.23, Thu Aug 17 00:00:00 EEST 1995, sWrrOo, elyPrZ, 
75-8130, 1.31, Fri Aug 15 00:00:00 EEST 1997, HjRAcQ, SDKsTt, 
75-8415, 2.56, Mon Nov 04 00:00:00 EET 1991, SGaFVM, xzFyyf, 
75-9203, 2.07, Tue Dec 05 00:00:00 EET 2000, cXdNUK, GMCyXk, 
76-0646, 4.73, Wed Feb 28 00:00:00 EET 1996, OVuacM, FqdxaR, 
76-1418, 2.62, Mon Sep 20 00:00:00 EEST 1993, QMQxOJ, gTTuDu, 
76-3130, 4.6, Wed Oct 15 00:00:00 EET 1997, jVClfb, VKPpsI, 
76-3636, 3.92, Thu Oct 08 00:00:00 EET 1992, DGxUUg, SypuBC, 
76-4398, 1.06, Sun Jan 26 00:00:00 EET 1992, LRXoNy, BoXuiu, 
76-5372, 1.18, Mon Aug 22 00:00:00 EEST 1994, anewBx, yivayN, 
76-9245, 2.09, Wed Oct 29 00:00:00 EET 1997, lVFtRa, fgumlR, 
77-0747, 2.47, Wed Sep 11 00:00:00 EEST 1996, aNuRQW, ZHJVuG, 
77-1689, 4.28, Thu May 11 00:00:00 EEST 1995, FGaGBk, RhNIjg, 
77-2224, 3.11, Sat Sep 12 00:00:00 EEST 1992, JfCMTH, KHEqRW, 
77-4012, 3.54, Fri Oct 08 00:00:00 EET 1993, kyqAKN, xaCDse, 
77-4797, 4.76, Sat May 01 00:00:00 EEST 1999, HubxpD, zwUmef, 
78-2385, 1.13, Thu Mar 01 00:00:00 EET 1990, MImacq, Oesxib, 
78-2418, 3.1, Wed Feb 28 00:00:00 EET 1990, cJBggW, RnORpv, 
78-2446, 4.24, Tue Oct 14 00:00:00 EET 1997, rjDelq, nwlmDY, 
78-3186, 0.85, Thu Jun 24 00:00:00 EEST 1999, llLTMc, hTuXBm, 
78-3272, 4.02, Wed Aug 09 00:00:00 EEST 2000, WlykNk, yWNOIA, 
78-4414, 4.57, Fri Mar 24 00:00:00 EET 1995, YRfWCo, xzUDcb, 
78-4700, 1.22, Thu Sep 16 00:00:00 EEST 1999, IvfwNh, VYrTxg, 
78-5048, 1.68, Tue Sep 27 00:00:00 EEST 1994, VXzDvf, OJMDzF, 
78-6136, 0.98, Tue Nov 30 00:00:00 EET 1993, MMACMR, nQJfLH, 
78-7851, 4.18, Tue Oct 05 00:00:00 EET 1999, GVnlIR, yvvROE, 
78-8636, 3.69, Mon Nov 07 00:00:00 EET 1994, iwGuhe, ikPIDC, 
78-9386, 3.31, Thu Mar 28 00:00:00 EET 1996, DPlCCl, tDDGOw, 
79-3542, 3.28, Fri May 12 00:00:00 EEST 1995, RJEMZJ, iUnMXD, 
79-3545, 4.21, Fri Jan 05 00:00:00 EET 1996, XOzqHB, IyWGwA, 
79-6612, 1.38, Thu Jun 30 00:00:00 EEST 1994, TpQpyW, CjvUnv, 
79-7295, 2.88, Sun Sep 29 00:00:00 EET 1996, rxjqUv, dBJnjf, 
79-8407, 3.15, Sat May 04 00:00:00 EEST 1996, Zbrodl, SlWNZj, 
79-9008, 4.99, Sun Nov 16 00:00:00 EET 1997, CUWjFO, vHZhge, 
80-0378, 4.56, Fri Jun 01 00:00:00 EEST 1990, zrsWQq, bRWphX, 
80-1663, 1.02, Wed Aug 09 00:00:00 EEST 1995, yABVih, mBXbwI, 
80-1826, 2.01, Tue Dec 01 00:00:00 EET 1998, MVrYFl, sHWJEF, 
80-1950, 3.12, Sat Sep 15 00:00:00 EEST 1990, NchOqu, jKloyf, 
80-2154, 2.65, Thu Nov 29 00:00:00 EET 1990, UGuevE, yTYPaY, 
80-2977, 1.25, Fri Nov 15 00:00:00 EET 1996, aDSpMM, WfXkFB, 
80-3107, 1.77, Thu Mar 01 00:00:00 EET 1990, KsEsie, VnVTxR, 
80-4523, 3.04, Sun Nov 05 00:00:00 EET 2000, ceaHMB, XyVlhh, 
80-5371, 3.19, Sat Mar 06 00:00:00 EET 1999, eLZENd, sVprFA, 
80-5908, 2.89, Sat Nov 23 00:00:00 EET 1991, HkXApw, KkiVhg, 
80-6270, 3.08, Fri Jun 07 00:00:00 EEST 1991, GhFkgw, HyxNfp, 
80-7497, 1.45, Wed Nov 11 00:00:00 EET 1992, nIIbTG, WFQiqP, 
80-8612, 2.98, Thu Jun 07 00:00:00 EEST 1990, vaCMPY, aDVbGc, 
81-0048, 1.0, Fri Oct 23 00:00:00 EET 1992, ISJAnb, VZWjhA, 
81-1042, 3.39, Thu Dec 02 00:00:00 EET 1999, luwZJW, qZYUug, 
81-1474, 1.78, Sat May 29 00:00:00 EEST 1993, LidyQB, MfIyoG, 
81-3331, 2.7, Thu Jan 16 00:00:00 EET 1997, vyMILN, eBlFGd, 
81-6651, 2.1, Mon May 04 00:00:00 EEST 1992, scCJUX, wjvHnS, 
81-8791, 4.28, Sun Apr 21 00:00:00 EET 1996, KYQVED, HRdXnQ, 
81-8976, 3.19, Tue Mar 13 00:00:00 EET 1990, hWknCP, EGpfuC, 
82-0642, 1.47, Thu Oct 02 00:00:00 EET 1997, OCrCdY, MIIUZu, 
82-0965, 1.82, Mon Oct 16 00:00:00 EET 2000, QYWOOo, wsoTTr, 
82-1141, 3.75, Fri Feb 25 00:00:00 EET 2000, WiCfoW, bGSsHm, 
82-1258, 4.36, Sat Oct 01 00:00:00 EEST 1994, DkiLGA, qEXjfd, 
82-1542, 2.3, Wed Sep 02 00:00:00 EEST 1998, cnHpHb, mmDhtW, 
82-1646, 3.14, Wed Aug 15 00:00:00 EEST 1990, TwYvle, YpUWyI, 
82-2000, 4.44, Sun Jan 31 00:00:00 EET 1993, jRuxEq, PoXvhN, 
82-5835, 4.77, Tue Sep 25 00:00:00 EEST 1990, GgwOrZ, JKbvFg, 
82-7280, 1.74, Sat Nov 28 00:00:00 EET 1998, KOqpAI, MRStWB, 
82-7699, 3.14, Sat Dec 03 00:00:00 EET 1994, xhUdPF, duJfZS, 
82-8707, 1.02, Mon May 13 00:00:00 EEST 1996, CnDzku, zsFSLl, 
82-8772, 4.32, Mon Sep 28 00:00:00 EEST 1992, pzSMNq, NfdxAL, 
82-9193, 2.4, Fri May 11 00:00:00 EEST 1990, SnSnDm, dJHBEz, 
82-9799, 2.13, Thu Dec 30 00:00:00 EET 1999, NxPXRr, zNbxdR, 
83-0884, 3.42, Mon Nov 22 00:00:00 EET 1999, NsTwkI, HXEXbv, 
83-1443, 4.65, Sat Sep 07 00:00:00 EEST 1991, tLDiDW, DeDbsh, 
83-1623, 1.22, Thu Sep 11 00:00:00 EEST 1997, VtNyQT, XVaPHn, 
83-2375, 1.56, Fri Jul 28 00:00:00 EEST 2000, yBoVLl, DXyglj, 
83-2902, 2.91, Thu Jul 09 00:00:00 EEST 1992, CmGkJg, xXNpLQ, 
83-3140, 1.07, Wed Feb 18 00:00:00 EET 1998, lLySiT, jmpjBM, 
83-3670, 2.43, Wed Jun 28 00:00:00 EEST 2000, iqGKxL, VPdpqf, 
83-3818, 4.98, Thu Mar 11 00:00:00 EET 1999, VTxTXC, UDHrLK, 
83-4206, 2.42, Sat Feb 04 00:00:00 EET 1995, KsrizD, iVzcZB, 
83-4504, 0.76, Sun Dec 18 00:00:00 EET 1994, IAWVxg, sNFTsZ, 
83-5077, 0.98, Mon Apr 14 00:00:00 EET 1997, nUGpuU, KCZakV, 
83-5878, 2.69, Wed Mar 15 00:00:00 EET 2000, ovDweS, OXdfHe, 
83-6471, 3.88, Wed Jan 05 00:00:00 EET 2000, YVXMCA, TOeCwZ, 
84-1262, 3.62, Sun Nov 27 00:00:00 EET 1994, JKDtWy, oBOdLY, 
84-2432, 4.36, Thu Aug 13 00:00:00 EEST 1998, UjdJfO, pFRSpE, 
84-6824, 1.74, Tue Mar 14 00:00:00 EET 2000, BRJFsv, iRDYaX, 
84-8099, 2.74, Thu May 27 00:00:00 EEST 1993, XRqqXd, hzBJGU, 
84-8571, 4.22, Tue Feb 23 00:00:00 EET 1999, zKcJoS, JLqXIP, 
85-0000, 1.61, Sun Mar 02 00:00:00 EET 1997, JSsvEs, aElufP, 
85-0289, 3.59, Sun Oct 12 00:00:00 EET 1997, IhZMXo, dIcsSS, 
85-1194, 4.52, Sat Feb 13 00:00:00 EET 1993, sHLtAw, IpEhVO, 
85-1718, 2.7, Tue Sep 07 00:00:00 EEST 1993, FMwDxe, tUpQkq, 
85-3182, 2.49, Sun Mar 08 00:00:00 EET 1998, kVAhAa, KSLQpY, 
85-3325, 4.08, Sat Jan 11 00:00:00 EET 1997, NhFzsr, vyvtSK, 
85-4508, 3.14, Wed Nov 03 00:00:00 EET 1993, ELStBh, RjRPRS, 
85-5109, 4.28, Sun Jul 17 00:00:00 EEST 1994, LjNgZC, EAaoTF, 
85-5303, 3.33, Sun Jul 22 00:00:00 EEST 1990, JploFH, fsaYTE, 
85-5508, 1.44, Mon May 19 00:00:00 EEST 1997, Kollky, LmjdpU, 
85-5509, 4.52, Tue Oct 15 00:00:00 EET 1991, mRvVNd, MsXAfA, 
85-6481, 2.34, Sun Sep 24 00:00:00 EEST 1995, QvECOu, xvOvkC, 
85-6949, 4.1, Mon Jul 13 00:00:00 EEST 1998, agDFjz, MfIKyR, 
85-9549, 4.93, Sat Apr 14 00:00:00 EET 1990, sKyiNQ, eUzRJy, 
85-9827, 2.77, Thu Feb 12 00:00:00 EET 1998, hCWlhB, WmVFRC, 
86-0224, 4.42, Tue Jul 13 00:00:00 EEST 1993, CvVuVw, dTvTlC, 
86-4022, 1.73, Fri Apr 30 00:00:00 EET 1993, tnVihB, njjwlv, 
86-7871, 1.54, Thu Oct 26 00:00:00 EET 1995, XfrcUJ, EUEfmX, 
86-8305, 4.2, Sat Nov 12 00:00:00 EET 1994, BkDdtr, uDTFKq, 
86-8361, 1.32, Tue Oct 02 00:00:00 EET 1990, wvWrPQ, JPJLkq, 
86-8377, 3.57, Thu Dec 28 00:00:00 EET 1995, dFfBZo, sqRWPN, 
86-8757, 3.23, Thu Mar 29 00:00:00 EET 1990, eYtCiA, CEuWJb, 
87-0123, 4.73, Sun Apr 18 00:00:00 EET 1993, uvRhTC, gOgOWT, 
87-3236, 3.29, Mon Apr 10 00:00:00 EET 2000, dDisnr, HvVtOS, 
87-4192, 4.74, Sun Nov 28 00:00:00 EET 1993, ABMMEt, KZDwjR, 
87-4204, 3.17, Thu Jan 18 00:00:00 EET 1990, MYFUeu, uOxLzU, 
87-5800, 2.46, Thu Jun 27 00:00:00 EEST 1991, BYpLeY, DvtUam, 
87-5833, 2.15, Mon Aug 18 00:00:00 EEST 1997, piXRFr, HzMCyv, 
87-6864, 4.03, Wed Sep 09 00:00:00 EEST 1992, ZXRcAC, xfgyNV, 
87-7946, 1.62, Thu Oct 04 00:00:00 EET 1990, vBJlbb, DJREdc, 
87-9234, 3.96, Sat Oct 22 00:00:00 EET 1994, mlNAlm, cKzXet, 
88-4229, 4.7, Mon Jan 17 00:00:00 EET 1994, zGsNDz, NVorvi, 
88-5196, 4.71, Mon Nov 05 00:00:00 EET 1990, sHbNzC, mONjfQ, 
88-5243, 2.33, Wed Sep 03 00:00:00 EEST 1997, itfYaj, gGOFxO, 
88-6905, 3.08, Thu Nov 07 00:00:00 EET 1996, PfrLFE, dubVgs, 
88-9644, 1.05, Thu Sep 29 00:00:00 EEST 1994, VEpbNd, ampWfu, 
89-2578, 3.22, Sat Sep 04 00:00:00 EEST 1993, dIgRLu, IXFYVW, 
89-5616, 1.99, Sat Mar 28 00:00:00 EET 1992, LNKhPT, VyyffP, 
89-6748, 3.07, Fri Feb 03 00:00:00 EET 1995, KCvFDk, NwjcWg, 
89-6790, 1.59, Sun Mar 14 00:00:00 EET 1993, Wwnflj, ZuePGD, 
89-7233, 1.13, Tue Oct 02 00:00:00 EET 1990, lFkCMq, CLCXkO, 
89-8284, 1.53, Sun May 25 00:00:00 EEST 1997, LODjTw, IjrelG, 
89-9710, 2.14, Thu May 11 00:00:00 EEST 2000, NjsPCz, blOfRl, 
90-1466, 1.28, Sun Apr 09 00:00:00 EET 1995, jSpBEx, UDComX, 
90-1823, 2.46, Mon Apr 16 00:00:00 EET 1990, CizUKs, QwTFgh, 
90-2599, 3.43, Mon Sep 17 00:00:00 EEST 1990, MyHoWC, Fqhenj, 
90-3585, 0.78, Tue Mar 02 00:00:00 EET 1993, koRAft, zOUpTg, 
90-4441, 3.88, Tue Aug 18 00:00:00 EEST 1992, iMLtyV, PkiXsa, 
90-4614, 4.44, Thu Oct 20 00:00:00 EET 1994, hDYFYp, sDjiwY, 
90-4814, 2.55, Sat Mar 13 00:00:00 EET 1999, jlbYQo, EBXBmW, 
90-7203, 3.08, Fri Jul 25 00:00:00 EEST 1997, AoHjRQ, xjCHwO, 
90-7869, 3.64, Fri Sep 04 00:00:00 EEST 1998, PTyVWb, HFdhLf, 
90-8013, 4.81, Mon Jun 11 00:00:00 EEST 1990, vNJMgd, TGdqjd, 
90-9166, 2.64, Fri Sep 09 00:00:00 EEST 1994, VQXSva, sNfREG, 
90-9422, 2.91, Mon Jan 15 00:00:00 EET 1996, Cfnrdy, wnsoBm, 
90-9683, 3.59, Sat Sep 21 00:00:00 EEST 1996, HtxYtF, avAAGs, 
91-0243, 4.25, Wed Nov 03 00:00:00 EET 1999, jYngvL, KZIMvF, 
91-0543, 3.17, Wed May 10 00:00:00 EEST 2000, crjbxk, BorNqB, 
91-0629, 1.52, Tue Sep 29 00:00:00 EET 1998, SfyBsS, EVvZLk, 
91-1505, 1.22, Mon Dec 17 00:00:00 EET 1990, FtSyFj, OyaslB, 
91-1731, 4.08, Sat Nov 18 00:00:00 EET 2000, OlxGsB, WrmZaP, 
91-1751, 2.92, Thu Nov 11 00:00:00 EET 1999, QwRCLq, FzkANk, 
91-3267, 2.75, Mon Sep 13 00:00:00 EEST 1999, JKBGeP, yzDUom, 
91-4505, 0.73, Mon Aug 11 00:00:00 EEST 1997, mPrcSP, KFjayg, 
91-4822, 2.99, Thu May 09 00:00:00 EEST 1991, RvisJr, HgHSST, 
91-4997, 2.64, Wed May 24 00:00:00 EEST 2000, SvNAAs, XwuGoN, 
91-5120, 3.58, Tue Jul 07 00:00:00 EEST 1992, ZuRTqb, VhmxNd, 
92-2034, 2.74, Wed Feb 20 00:00:00 EET 1991, DDyKKp, gIzcPZ, 
92-2050, 3.26, Wed Nov 23 00:00:00 EET 1994, LmAScb, FBUrDy, 
92-2288, 2.86, Thu Sep 21 00:00:00 EEST 1995, KkAPmG, bZAPNF, 
92-3427, 4.43, Wed Aug 11 00:00:00 EEST 1993, YiiIRe, TLasZc, 
92-7224, 4.16, Mon Jul 15 00:00:00 EEST 1996, kmDqoM, BuXYWP, 
92-7998, 1.96, Thu Apr 02 00:00:00 EET 1998, zWFoak, YObMLS, 
92-8812, 4.27, Mon Sep 06 00:00:00 EEST 1993, BvDrlb, FiFamr, 
93-2370, 3.82, Wed Jul 03 00:00:00 EEST 1996, PkONXi, QCWDUB, 
93-2443, 3.95, Sun Sep 06 00:00:00 EEST 1992, VQZXwY, SKxzsB, 
93-4422, 4.76, Mon Aug 23 00:00:00 EEST 1999, jbCthy, FrQAVP, 
93-4453, 3.15, Tue Aug 31 00:00:00 EEST 1999, xYytky, BUrVpb, 
93-5742, 2.66, Thu Jul 09 00:00:00 EEST 1992, OpnsgD, UDnFFn, 
93-8561, 3.21, Sun Dec 05 00:00:00 EET 1999, gVdBgr, VkCmpX, 
94-0522, 2.54, Sun May 31 00:00:00 EEST 1998, iEjqxU, CXLhcm, 
94-0581, 1.25, Sun Jan 27 00:00:00 EET 1991, nhWJnh, tArfQV, 
94-1933, 3.09, Wed Dec 14 00:00:00 EET 1994, iNJwyq, lMztml, 
94-3987, 3.91, Thu Jan 17 00:00:00 EET 1991, OOcrJi, lJbQKS, 
94-5153, 1.2, Wed Sep 24 00:00:00 EEST 1997, NCRAHg, POFfEM, 
94-5904, 1.99, Sun Nov 01 00:00:00 EET 1992, Ldmsam, sONUrA, 
94-6987, 3.17, Mon Apr 01 00:00:00 EET 1991, QCVizT, hAKWsW, 
94-7284, 2.52, Fri Jan 10 00:00:00 EET 1992, MXTKMj, HDxTHq, 
94-7478, 4.78, Mon Mar 08 00:00:00 EET 1993, ITfkna, stRgFS, 
94-7991, 3.87, Fri Dec 06 00:00:00 EET 1991, yvcNKJ, mcaQcz, 
94-8731, 2.78, Mon Jul 08 00:00:00 EEST 1991, HCobok, HBMpQO, 
95-0668, 1.27, Tue Feb 02 00:00:00 EET 1999, UiFgIx, HBIkup, 
95-3700, 2.94, Wed May 24 00:00:00 EEST 1995, FPzoYE, ttvpHB, 
95-7823, 0.87, Thu Dec 09 00:00:00 EET 1993, YtyaIg, TwNhKY, 
95-8212, 1.06, Sun Jan 31 00:00:00 EET 1993, rmvcus, yYdRjC, 
95-9274, 3.27, Mon Apr 19 00:00:00 EET 1993, cNuMQc, ZZtdTf, 
96-3266, 2.13, Wed Sep 23 00:00:00 EEST 1998, QqCHbe, tmcUtt, 
96-3635, 2.17, Sat Jul 15 00:00:00 EEST 1995, tFxCpz, NCPuCj, 
96-4365, 2.07, Thu Nov 03 00:00:00 EET 1994, KyKmJH, vYJtXI, 
96-4416, 3.42, Sun Jan 13 00:00:00 EET 1991, aJJSYo, vHkaCJ, 
96-4439, 2.09, Sat May 16 00:00:00 EEST 1992, NPjoDW, mctZBt, 
96-4689, 4.92, Sun Jul 11 00:00:00 EEST 1999, UWwriH, PlMacK, 
96-5189, 0.79, Sun Dec 18 00:00:00 EET 1994, moiFdn, Cuspim, 
96-5954, 2.47, Fri May 10 00:00:00 EEST 1991, rnqyaP, YNfwrZ, 
96-6077, 4.27, Tue Dec 04 00:00:00 EET 1990, NfcFkD, wrQeih, 
96-9574, 2.84, Fri Mar 11 00:00:00 EET 1994, NTxuZQ, QaemzA, 
97-0789, 2.35, Fri Jun 23 00:00:00 EEST 2000, GblhfW, YfqHgN, 
97-2215, 4.81, Fri Mar 17 00:00:00 EET 1995, TMCzVl, QYxWyh, 
97-2321, 2.97, Sun May 21 00:00:00 EEST 1995, PQzPGh, GSWgJD, 
97-2777, 3.15, Mon Oct 16 00:00:00 EET 2000, hviopY, URtrGA, 
97-3281, 2.69, Tue Feb 06 00:00:00 EET 1996, TblRAI, WpLIdO, 
97-7038, 2.13, Sun Jul 08 00:00:00 EEST 1990, QEOGPU, lfwFXT, 
97-7476, 1.71, Fri Jul 24 00:00:00 EEST 1992, IgHjkN, LfEbTm, 
97-8011, 2.98, Fri Jul 30 00:00:00 EEST 1993, fgwomU, vGpDfk, 
98-1076, 1.27, Tue Jul 23 00:00:00 EEST 1996, wDxDXU, cugbaS, 
98-1479, 3.53, Tue Jan 21 00:00:00 EET 1997, sNktkO, UlJcyD, 
98-2717, 0.77, Fri Oct 31 00:00:00 EET 1997, pZuAPD, wSEsQQ, 
98-3334, 0.83, Thu Feb 15 00:00:00 EET 1996, XJBgrr, JLeUKY, 
98-4215, 0.92, Wed Jan 05 00:00:00 EET 2000, KqCZpN, nHPeKl, 
98-4597, 0.81, Fri Nov 15 00:00:00 EET 1996, mBqxHR, UAKfUJ, 
98-5092, 4.32, Wed Jun 05 00:00:00 EEST 1991, LkEEjk, ZdOVfQ, 
98-5129, 1.31, Mon Nov 13 00:00:00 EET 1995, kMaLFx, jQWeMo, 
98-5322, 2.45, Tue Feb 01 00:00:00 EET 2000, OIIbII, MVEpVJ, 
98-6665, 3.86, Fri Apr 16 00:00:00 EET 1999, neqnkN, wAmRpr, 
98-7300, 4.85, Mon Jul 19 00:00:00 EEST 1999, ZvDOyt, hjFnfC, 
98-7361, 1.83, Mon Oct 16 00:00:00 EET 2000, uYJHtn, QKTmqF, 
98-7488, 2.56, Fri Aug 24 00:00:00 EEST 1990, NSGwUj, VHizBW, 
99-0602, 4.19, Sat Jun 13 00:00:00 EEST 1992, scLmuy, JVydjD, 
99-1466, 3.78, Sat Feb 13 00:00:00 EET 1999, zIaKVT, dXPhXe, 
99-2620, 4.28, Sat Oct 03 00:00:00 EET 1992, MFIBsW, yENpNt, 
99-3545, 4.7, Mon Feb 26 00:00:00 EET 1996, SebvKW, cbRMxs, 
99-4490, 1.17, Fri Jul 14 00:00:00 EEST 1995, DRmmDw, erJGea, 
99-6675, 4.65, Mon Apr 24 00:00:00 EET 1995, jyyEyS, hOYRuP, 
99-7781, 3.9, Tue Jul 01 00:00:00 EEST 1997, ftUuEt, PRbdis, 
99-8510, 2.12, Wed Dec 06 00:00:00 EET 2000, rCfnwp, XoBXCr, 
99-8528, 1.89, Fri Jul 01 00:00:00 EEST 1994, kjzLUp, dYOjWh, 
89-3176, 4.92, Wed Dec 18 00:00:00 EET 1996, QIiMYU, qgijmc, 
